{"last_download_success": 1588090945.521363, "unseen_downloads": [], "last_download_failure": 1588131166.1494915}