{"last_download_success": 1587917526.754492, "unseen_downloads": [], "last_download_failure": 1587958181.7951257}